"Cat1","Cat2","Code","Art","Name","Price","Weight","WeightType","Description","photo"
"Китайский чай","Красный чай","krasnyi-chai","к70","Цзинь Цзюнь Мэй Премиум","1188 ₽","50"," г.","","к70.jpg"
"ПОДАРКИ","Подарок «Зимняя рапсодия»","products","чп43","Подарок «Зимняя рапсодия»","1500 ₽","150"," г.","Состав подарка «Осенняя рапсодия»:","чп43.jpg"
"Китайский чай","Зеленый чай","zelenyi-chai","з66"," Бон Тю Люй Ча Весна 2022","435 ₽","50"," г."," нежный, сладкий, тонкий","з66.jpg"
"Китайский чай","Пуэр","puer","п357","Менхай Да Шу Ча","810 ₽","50"," г.","Шу пуэр – это вид чая, сырье для которого подвергается ","п357.jpg"
"ПОСУДА","Аксессуары","aksessuary","ф37","Кролик, изменяющий цвет","748 ₽","","","Веселый заяц, изменяющий цвет.","ф37.jpg"
"Китайский чай","У И Хуан Мей Гуй Цин Сян","products","у131","У И Хуан Мей Гуй Цин Сян","528 ₽","50"," г.","У И Хуан Мей Гуй Цин Сян (Желтая роза с гор У И, свежий аромат) – это улун слабой степени прожарки категории «чжэнь янь дэ ча» (оригинальный утесный чай), собранный в районе Уишань, что на юго-востоке Китая. Уишань считается родиной улунов, их собирают здесь с XVII века.","у131.jpg"
"ПОСУДА","Ча Хай","cha-khai","ч258-2","Чахай с оранжевой ручкой и ситом","1300 ₽","","","","ч258-2.jpg"
"Китайский чай","Пуэр","puer","п390","Бань Чжан Ван, 2013 год","2475 ₽","357"," г."," – это шу пуэр, средней прессовки.","п390.jpg"
"Китайский чай","Красный чай","krasnyi-chai","к75","Хей Цзин Премиум 2022","628 ₽","50"," г.","","к75.jpg"
"ПОСУДА","Чашечки","chashechki","ч92","Чашка «Птенцы»","349 ₽","","","","ч92.jpg"
"Китайский чай","Улуны","uluny","у245","Цзинь Гуаньинь","133 ₽","7"," г."," ","у245.jpg"
"Китайский чай","Пуэр","puer","п417","Лао Бань Чжан Шу","805 ₽","50"," г.","рассыпной пуэр из сырья высокого качества.  Собран в Лао Бань Чжан.","п417.jpg"
"Китайский чай","Да Хун Пао Нун Сян 2022","products","у130"," Да Хун Пао Нун Сян 2022","231 ₽","50"," г.",", входящий в четверку знаменитых утёсных чаев с гор У И вместе с Бай Цзы Гуань (Белый петушиный гребень), Шуй Цзинь Гуй (Золотая водяная черепаха) и Те Лохань (Железный архат).","у130.jpg"
"Китайский чай","Пуэр","puer","п333","Да Шу Бай Ли Лао Му","5170 ₽","357000"," г.","","п333.jpg"
"Китайский чай","Улуны","uluny","у107","Ци Лань Сян Дань Цун. Весна 2022","1210 ₽","50"," г.","Ци Лань Сян собирают с больших одиночных чайных деревьев – Дань Цунов (одинокие кусты). Чай, собранный в горах Фен Хуан с различных чайных деревьев, получается с разными ароматами. Встречается улун с ароматом орхидеи, магнолии, коричного дерева, и даже с ароматом кофе. Растет этот чай в горах, вдалеке от цветочных полей, его не ароматизируют искусственным путем и не добавляют цветы при сушке, а все ароматы — особенность данного улуна.","у107.jpg"
"Китайский чай","Да Хун Пао Бали Сян","products","у220","Да Хун Пао Бали Сян","1487 ₽","50"," г.","","у220.jpg"
"Китайский чай","Красный чай","krasnyi-chai","к8","Дянь Хун Д Нун Ча Осень 2022","242 ₽","50"," г."," знаменитый красный чай из провинции Юньнань. В его составе ","к8.jpg"
"Китайский чай","Улуны","uluny","у241","Я Ши Сян Гао Шань","1078 ₽","50"," г."," Я Ши Сян переводится как «Аромат Утиного Помета». Считается, что такое название он получил из-за пестрой земли на месте своего произрастания – близ потухшего вулкана Удун, эту местность прозвали «Землей Утиного Помета» или «Яшиту».","у241.jpg"
"Китайский чай","Пуэр","puer","п232","Гунтин Мэнхай","327 ₽","50"," г.",". ","п232.jpg"
"ПОСУДА","Чашка «Бамбук» 125 мл","products","ч226-2","Чашка «Бамбук»","1200 ₽","","","","ч226-2.jpg"
"Китайский чай","Улуны","uluny","у248","Тегуанинь Гандэ. Весна 2022","429 ₽","50"," г.","Собран в Гандэ весной 2022  года - деревне, находящейся высоко в горах. Те Гуань Инь из Гандэ отличается особенным ярким, красивым ароматом и вкусом, усиливающимся и изменяющимся о заварки к заварке.","у248.jpg"
"ПОСУДА","Чашечки","chashechki","ч238","Чашка «Золотой иероглиф»","460 ₽","","","","ч238.jpg"
"Китайский чай","Красный чай","krasnyi-chai","к10","Дянь Хун Мао Фен","385 ₽","50"," г.","","к10.jpg"
"Китайский чай","Пуэр","puer","п404","Лян Шань 7571","2420 ₽","357"," г.","Аромат: орехово-древесный с оттенками горького шоколада.","п404.jpg"
"Китайский чай","Пуэр","puer","п15","Да Шу Ча Гао Шань Менхай","760 ₽","100"," г.","Сырье для этого пуэра собрано и спрессовано в округе Мэнхай.","п15.jpg"
"Ароматизированные чаи","Пинаколада","products","а4","Пинаколада","139 ₽","50"," г.","В составе  каркадэ,кусочки ананаса, манго, яблок, клюквы. ","а4.jpg"
"ПОСУДА","Кружка «Бархан» желтый, 360 мл","products","ч252","Кружка «Бархан» желтый, 360 мл","1800 ₽","","","","ч252.jpg"
"ПОСУДА","Аксессуары","aksessuary","ф37","Кролик, изменяющий цвет","748 ₽","","","Веселый заяц, изменяющий цвет.","ф37.jpg"
"Китайский чай","Пуэр","puer","п401","Инь Хао Йонг Ча, 2007 год","6380 ₽","357"," г.","","п401.jpg"
"Китайский чай","Улуны","uluny","у29","Дун Дин Цин Сян","540 ₽","50"," г.",", собранный в окрестностях горы Дун Дин в уезде Наньтоу.","у29.jpg"
"Китайский чай","Пуэр","puer","п139","Шар Шен","390 ₽","50"," г.","и обернутой золотой фольгой. Вес одного шара – 9 грамм. Это крепкий шен, половины шара будет достаточно для заваривания проливом в гайвани 150 мл или обычным способом в чайнике 1 л.","п139.jpg"
"Китайский чай","Пуэр","puer","п363","Нань Шань Шен, 2021 г.","2200 ₽","357"," г."," –  высокогорный крупнолистовой ","п363.jpg"
"ПОСУДА","Ча Хай","cha-khai","ч245-1","Чахай «Ромб» orange","980 ₽","250"," г.","Стекло. Объем: 370 мл.","ч245-1.jpg"
"Китайский чай","Улуны","uluny","у45","Да Хун Пао Цин Сян В.","292 ₽","50"," г.",", входящий в четверку знаменитых утёсных чаев с гор У И вместе с Бай Цзы Гуань (Белый петушиный гребень), Шуй Цзинь Гуй (Золотая водяная черепаха) и Те Лохань (Железный архат). Слова Цин Сян в названии означают лёгкий аромат, или чистый аромат. Этот сорт Да Хун Пао отличается более светлым цветом листа – бордово-зеленым, а также большей нежностью и меньшей крепостью во вкусе. Да Хун Пао Цин Сян имеет более сильный расслабляющий эффект.","у45.jpg"
"Китайский чай","Пуэр","puer","п332","Дун Хай Ци Ю Яо Сян (аромат лечебных трав)","5445 ₽","357"," г.","Дун Хай Ци Ю (зеленая печать) с чабрецом.  Аромат лекарственных трав Юннани.","п332.jpg"
"Китайский чай","Красный чай","krasnyi-chai","к51","Сяо Чжун А (Лапсанг сушонг)","385 ₽","50"," г."," ","к51.jpg"
"Китайский чай","Хей Ча","khei-cha","хз9","Хей Ча Нун Сян Аньхуа 1991 г","5304 ₽","1000"," г.","Хей Ча прессуют в форме кирпича. Прессовка легкая, слои отделяются очень легко. При изготовлении этих «кирпичей» используется особая сложная технология.","хз9.jpg"
"Китайский чай","Улуны","uluny","у227","Те Гуанинь Гандэ Мао Ча. Весна 2022","297 ₽","50"," г.","","у227.jpg"
"Травы Кавказа","Сбор Очищающий","products","тр2","Сбор Очищающий","1050 ₽","150"," г.","Травы собраны вручную на высоте 1500-2500 метров на альпийских лугах Кавказа.","тр2.jpg"
"ПОСУДА","Аксессуары","aksessuary","ф38","Панда. Фигурка, изменяющая цвет","850 ₽","","","Забавная фигурка, изменяющая цвет.","ф38.jpg"
"Китайский чай","Пуэр","puer","п408","Чунь Пу, 100 г","506 ₽","100"," г.","Вес блинчика - 100г.","п408.jpg"
"ПОСУДА","Ча Хай","cha-khai","ч64","Чахай Красная нить","695 ₽","","","","ч64.jpg"
"Китайский чай","Пуэр","puer","п394","Син Шен Из Биндао (абрикосовый)","1375 ₽","50"," г.","При изготовлении ","п394.jpg"
"Китайский чай","Пуэр","puer","п420","Дьен Сян Чжан Пин, 2012","2090 ₽","357"," г."," - вкусный. орехово-сливочный пуэр из крупнолистового сырья с большим количеством почек. Прессовка блина слабая.","п420.jpg"
"Нечайный ЧАЙ","МАТЧА","matcha","з70","Матча Ча Дао Лин","549 ₽","50"," г.","Матча - это порошковый зеленый чай. При его изготовлении чайные листья высушиваются и тщательно перемалываются.","з70.jpg"
"Китайский чай","Пуэр","puer","п61","Лао ча тоу А","528 ₽","50"," г.",", приготовленный из сырья 2006 года. Он спрессован в форме комков диаметром 1-5 см, которые образуются по краям куч из листьев пуэра в процессе влажного скирдования. Некоторые листики слеживаются, образуя комки, ферментация в которых идет медленнее – так получаются старые чайные головы","п61.jpg"
"ПОСУДА","Ча Хай","cha-khai","ч247","Чахай «Классический», 280 мл","760 ₽","",""," - непременный атрибут чаепития и обойтись без него совершено невозможно. В него сливают чай из чайничка или гайвани, и уже из него разливают по чашечкам.","ч247.jpg"
"Китайский чай","Белый чай","whitetea","б6","Бай Ча Лу Ши","5940 ₽","357"," г."," — это ","б6.jpg"
"Китайский чай","Белый чай","whitetea","б414","Лао Бай Ча Бин, 357 г.","3080 ₽","357"," г.","","б414.jpg"
"Китайский чай","Улуны","uluny","у239","Алишань Гао Шань Ча","640 ₽","50"," г."," ","у239.jpg"
"Китайский чай","Пуэр","puer","п307","Да Цзинь Я (Шу почки) А","509 ₽","50"," г.","Шу пуэр – это вид чая, сырье для которого подвергается ","п307.jpg"
"ПОСУДА","Чашечки","chashechki","ч185","Чашечка «Лотос»","312 ₽","","","Китайцы пьют чай из маленьких чашечек, от 20 до 70 мл. Чай заваривается по методу пролива в чайнике или гайвани объемом от 100 до 300 мл. При этом чая берут много, 1-2 столовые ложки. Фишка в том, что чай настаивается всего 20-60 секунд, после чего его разливают по пиалам и снова заливают заварку кипятком. Качественный чай выдерживает до 10 и более проливов. Каждый новый пролив будет немного отличаться по вкусу, цвету и аромату, так как чай раскрывается от пролива к проливу.","ч185.jpg"
"Китайский чай","Пуэр","puer","п400","Сан Иен Сильвер 2007 год","6380 ₽","357"," г.","","п400.jpg"
"ПОСУДА","Чашка «Иероглиф» №4, 75 мл","products","ч227-4","Чашка «Иероглиф» №4, 75 мл","1620 ₽","150"," г.","Объем: 75 мл.","ч227-4.jpg"
"ПОДАРКИ НОВЫЙ ГОД 2023!","Подарок «НиХао»","products","чп23","Подарок «НиХао»","915 ₽","130"," г.","","чп23.jpg"
"ПОСУДА","Ча Бань (Чайные доски)","cha-ban-chainye-doski","ч217","Чабань «Конь»","12180 ₽","","","Размер: 47х33х7,5 см.","ч217.jpg"
"ПОСУДА","Гайвани","gaivani","ч241","Гайвань стеклянная (green)","1800 ₽","",""," – это чаша с крышкой и блюдцем-подставкой, которая издавна используется в Китае для заваривания чая.","ч241.jpg"
"Китайский чай","Пуэр","puer","п411","Точа Тулинь Лао Шен 2004 год","5170 ₽","250"," г.","","п411.jpg"
"Китайский чай","Улуны","uluny","у251","Габа Сапфир","1650 ₽","50"," г."," ","у251.jpg"
"Китайский чай","Пуэр","puer","п415","ИУ Гу Шу","1345 ₽","50"," г.","рассыпной пуэр из сырья высокого качества.  Собран и произведен в ИУ с древних деревьев.","п415.jpg"
"Китайский чай","Пуэр","puer","п257","Чан Сян Гун Бин (камфорный торт)","2420 ₽","357"," г.","Прессовка блина несильная, слои легко отделяются вручную или пуэрным ножом, в купаже ","п257.jpg"
"ПОСУДА","Чашечки","chashechki","ч228-1","Звёздное облако Стрельца","800 ₽","150"," г.","","ч228-1.jpg"
"Китайский чай","Красный чай","krasnyi-chai","к85","Сяо Чжун Лапсанг Сушонг","385 ₽","50"," г."," — ","к85.jpg"
"ПОСУДА","Аксессуары","aksessuary","ф33","Крыса на слитке с монетками № 1","938 ₽","250"," г.","","ф33.jpg"
"Китайский чай","Пуэр","puer","п416","Шу Бин Дао","1075 ₽","50"," г.","рассыпной пуэр из сырья высокого качества.  Собран и произведен в деревне у горы Бин Дао в деревне с одноименным названием.","п416.jpg"
"Китайский чай","Белый чай","whitetea","б11","Бай Хао Инь Чжень.","1375 ₽","50"," г.","Серебряными Иглами этот чай назвали из-за того, что ","б11.jpg"
"Китайский чай","Улуны","uluny","у229","Габа «Аметист»","1100 ₽","50"," г."," Его ферментация происходит без участия кислорода, что и способствует образованию в чайном листе ГАМК (гамма-аминомасляной кислоты) или GABA (Gamma-aminobutyric acid) – аминокислоты, вырабатывающейся в нервной системе и служащей посредником при передаче нервных импульсов. Она создает равновесие между процессами возбуждения и торможения.","у229.jpg"
"ПОСУДА","Аксессуары","aksessuary","ч142","Тясаку (чайная ложечка для маття)","166 ₽","","","","ч142.jpg"
"ПОСУДА","Аксессуары","aksessuary","ф32-2","Мышка с ребенком № 3","882 ₽","200"," г.","","ф32-2.jpg"
"Китайский чай","Пуэр","puer","п282","Юн Чжень «Золотой Дракон» 2016 год","2970 ₽","357"," г.","","п282.jpg"
"Китайский чай","Дянь Хун Премиум Урожай 2022","products","к322","Дянь Хун Премиум Урожай 2022","550 ₽","50"," г.","  Урожай 2022 – ","к322.jpg"
"ПОСУДА","Чашка Галактика Seashell, 105 мл","products","ч228-5","Чашка Галактика Seashell, 105 мл","800 ₽","150"," г.","","ч228-5.jpg"
"Китайский чай","Красный чай","krasnyi-chai","к59","Цзинь Чжень. Урожай 2022","1080 ₽","50"," г.","– редкий юньнаньский чай премиум сорта","к59.jpg"
"Китайский чай","Добавки к чаю","dobavki-k-chaiu","т9","Саган Дайля","485 ₽","50"," г."," –  растение из рода рододендронов, произрастающее в Бурятии, на Дальнем Востоке, в Хабаровской области и в Саянах.","т9.jpg"
"Нечайный ЧАЙ","Гречишный чай КуЦяо","products","нч2","Гречишный чай КуЦяо","627 ₽","","","Ку Цяо производится из зёрен лекарственной гречихи. Это не та гречка, которую мы с вами привыкли есть. Лекарственная гречиха произрастает в горных районах Китая. Гречишный чай","нч2.jpg"
"Китайский чай","Улуны","uluny","у247","Дун Дин Нун Сян","517 ₽","50"," г.","","у247.jpg"
"Китайский чай","Пуэр","puer","п413","Пуэр в лайме, 50 г","352 ₽","50"," г.","помещенный внутрь кожуры лайма. Для этого используются не обычные лаймы, а специальный миниатюрный сорт. Изготавливают такой чай просто: берут лаймы и подсушивают их несколько дней на солнце. Затем сердцевину удаляют и помещают внутрь чай. Снова подсушивают. И чай готов.","п413.jpg"
"ПОСУДА","Чашечки","chashechki","ч133-2","Кружка ""Мао"" 1","179 ₽","","","","ч133-2.jpg"
"Ароматизированные чаи","Личи улун","products","а1","Личи улун","140 ₽","50"," г.","(светлый) улун с сильной ноткой китайской сливы — личи. Этот чай изготовлен из сырья Те Гуань Инь. Личи улун это ароматизированный чай, его качество определяется за счет сырья и ароматизатора высокого качества.","а1.jpg"
"Китайский чай","Пуэр","puer","п192","Лань Сян Гу Ча (Шен из Бин Дао)","4378 ₽","1000"," г."," – это деревня высоко в горах на севере уезда Мэнку. Круглый год там тепло, как весной, и не бывает снега. Чай в Бин Дао начали выращивать с 15-го века, и из-за уникального климата и состава почвы чай, собранный в этой местности, веками считался самым лучшим во всем Китае.","п192.jpg"
"Китайский чай","Пуэр","puer","п230","Гунтин Да Дэ Мэнхай","385 ₽","50"," г.","Это означает, что сырье для такого чая собрано исключительно","п230.jpg"
"Китайский чай","Добавки к чаю","dobavki-k-chaiu","т5","Кудин Веретено","308 ₽","50"," г."," изготавливают из вечнозеленого субтропического растения ","т5.jpg"
"Китайский чай","Красный чай","krasnyi-chai","с11","Ча Гао Хунча","35 ₽","",""," полученный  методом холодного отжима и последующим выпариванием и высушиванием. В результате получаются маленькие шарики, которые полностью растворяются в горячей воде. Чайная смола содержит гораздо большее количество полезных веществ, чем листовой чай и имеет очень сильный тонизирующий эффект.","с11.jpg"
"Китайский чай","Пао Тха Хун Ча (Красная Пагода)","products","к44","Пао Тха Хун Ча (Красная Пагода)","825 ₽","50"," г."," - красный чай из Юньнани, связанный в форме маленьких пагод.","к44.jpg"
"Китайский чай","Пуэр","puer","п412","Лао ча тоу Лао Бань Чжан 2005 год","1530 ₽","50"," г."," приготовленный из сырья 2005 года. Он спрессован в форме комков диаметром 1-5 см, которые образуются по краям куч из листьев пуэра в процессе влажного скирдования. Некоторые листики слеживаются, образуя комки, ферментация в которых идет медленнее – так получаются старые чайные головы","п412.jpg"
"ПОСУДА","Ча Хай","cha-khai","ч257","Чахай с деревянной ручкой и ситом","1700 ₽","",""," - непременный атрибут чаепития и обойтись без него совершено невозможно. В него сливают чай из чайничка или гайвани, и уже из него разливают по чашечкам.","ч257.jpg"
"ПОСУДА","Чашечки","chashechki","ч226-2","Чашка «Бабочка»","1200 ₽","","","","ч226-2.jpg"
"ПОСУДА","Чашечки","chashechki","ч239-4","Чашка «Бабочка»","1400 ₽","","","Фаянс, 110 мл","ч239-4.jpg"
"Китайский чай","Пуэр","puer","п383","Фэн хуан лун (тибетская коллекция) 2018","4114 ₽","357"," г.","У этого шу пуэра повышенное содержание Ча Ци. Эффект - просто потрясающий. Хороший пуэр для начала дня.","п383.jpg"
"Китайский чай","Пуэр","puer","с7","Ча Гао Шу","32 ₽","","","Вес одного брикетика – около грамма, его хватает на литровый чайник. Если сильно не размешивать смолу в воде, то можно заваривать и в обычной чашке, заливая ее снова и снова кипятком.","с7.jpg"
"Китайский чай","Пуэр","puer","п406","Юн Дэ Шу Ча","300 ₽","50"," г.","Шу пуэр – это вид чая, сырье для которого подвергается ускоренной ферментации, благодаря чему шу пуэр обладает необычным запоминающимся вкусом, сильным бодрящим эффектом и множеством полезных свойств.","п406.jpg"
"ПОСУДА","Типоды","tipody","ч18","Колба с ручкой","1664 ₽","150"," г.","Удобная колба для заваривания чая. Подойдет для любого чая.","ч18.jpg"
"Китайский чай","Улуны","uluny","у201","Те гуанинь Гандэ А. Осень 2022","539 ₽","50"," г.","Собран в Гандэ осенью 2022  года - деревне, находящейся высоко в горах. Те Гуань Инь из Гандэ отличается особенным ярким, красивым ароматом и вкусом, усиливающимся и изменяющимся о заварки к заварке.","у201.jpg"
"Китайский чай","Улуны","uluny","у253","Да Хун Пао Чунь Цилань (Весенняя орхидея с гор УИ)","353 ₽","50"," г."," –  ","у253.jpg"
"ПОСУДА","Чашка Галактика Синяя, 105 мл","products","ч228-3","Чашка Галактика Синяя, 105 мл","800 ₽","150"," г.","","ч228-3.jpg"
"ПОСУДА","Ча Бань (Чайные доски)","cha-ban-chainye-doski","ч216","Чабань «Луна»","11970 ₽","","","Размер: 47х33х7,5 см.","ч216.jpg"
"ПОСУДА","Аксессуары","aksessuary","ф38","Панда и бамбук, фигурка, изменяющая цвет","850 ₽","","","Забавная фигурка, изменяющая цвет.","ф38.jpg"
"Китайский чай","Пуэр","puer","п381","Гуфа Монг Цун 2011","520 ₽","50"," г."," – это вид чая, сырье для которого подвергается ","п381.jpg"
"Китайский чай","Свежемолотый Имбирь","products","нч5","Свежемолотый Имбирь","809 ₽","100"," г.","Имбирь содержит незаменимые аминокислоты — тиамин, рибофлавин, эфирные масла (зингиберен, гингерол, линалоол); органические кислоты — линолиевую, никотиновую, олеиновую, каприловую; витамины — В1, В2, В5, А, С; минеральные вещества — кальций, натрий, цинк, калий, фосфор.","нч5.jpg"
"ПОСУДА","Гайвани","gaivani","ч240","Гайвань стеклянная","700 ₽","",""," – это чаша с крышкой и блюдцем-подставкой, которая издавна используется в Китае для заваривания чая.","ч240.jpg"
"ПОСУДА","Аксессуары","aksessuary","ф36","Фигурка, меняющая цвет. «Нефритовый персик Дракона»","950 ₽","","","Забавная фигурка, изменяющая цвет.","ф36.jpg"
"Китайский чай","Пуэр","puer","п260","Мьен Дьен Е Шен Пуэр Шу Ча 2015 год","451 ₽","50"," г.","пуэр из Бирмы. Фермерское сырье, собрано с больших чайных деревьев, произрастающих в Мьянме.","п260.jpg"
"Китайский чай","Улуны","uluny","у95","У И Хуан Мей Гуй. Урожай 2021","832 ₽","50"," г.","У И Хуан Мей Гуй (Желтая роза с гор У И) – это улун средней степени прожарки категории «чжэнь янь дэ ча» (оригинальный утесный чай), собранный в районе Уишань, что на юго-востоке Китая. Уишань считается родиной улунов, их собирают здесь с XVII века.","у95.jpg"
"НОВАЯ ПОСТАВКА 2022","Лун Цзин B Весна 2022","products","з52","Лун Цзин B Весна 2022","539 ₽","50"," г."," – ","з52.jpg"
"Китайский чай","Пуэр","puer","п155","Кэ И Син Ча Чжуань 2006 год.","650 ₽","50"," г.","Кирпич шен. Сырье 2006 года, старый шен. С копчено-дымным ароматом, мягкий по вкусу и в то же время удивительный эффект. Как будто сидишь у костра, вдыхаешь этот дым и весь мир проносится где-то рядом.","п155.jpg"
"Китайский чай","Сяо Чжун B 2022","products","к84","Сяо Чжун B 2022","275 ₽","50"," г."," ","к84.jpg"
"Китайский чай","Зеленый чай","zelenyi-chai","з62","Тай Пин Хоу Куй. Весна 2022","1001 ₽","50"," г."," собранный в поселке Чжукэн (уезд Тай Пин, провинция Аньхой). ","з62.jpg"
"ПОСУДА","Чашка «Пион», высокая 110 мл","products","ч239-1","Чашка «Пион»","1400 ₽","","","","ч239-1.jpg"
"ПОСУДА НОВИНКИ","Чашка «Кратер» голубая","products","ч189-2","Чашка «Кратер» голубая","900 ₽","","","","ч189-2.jpg"
"Китайский чай","Красный чай","krasnyi-chai","к82","Чжень Шань Сяо Чжун Мэнг Чжень","1124 ₽","50"," г."," ","к82.jpg"
"Китайский чай","Пуэр","puer","п365","Бань Чжан Гу Яо 2021 г.","3364 ₽","357"," г.","чайные листья слегка подвяливают на открытом воздухе, а дальше они стареют естественным путем. Этот способ изготовления пуэра известен с глубокой древности. Технологию производства шу пуэра, когда подвяленные листья поливают водой и укрывают тканью, что способствует прению, придумали только в 1973 году. Со временем шен пуэр не только не портится, а, наоборот, улучшает свой вкус и воздействие на организм.","п365.jpg"
"Китайский чай","Пуэр","puer","с6","Ча Гао шен. смола пуэра шен.","32 ₽","1"," г."," методом холодного отжима и последующим выпариванием и высушиванием. В результате получаются маленькие квадратики, которые полностью растворяются в горячей воде. Пуэрная смола содержит гораздо большее количество полезных веществ, чем листовой пуэр и имеет очень сильный тонизирующий эффект.","с6.jpg"
"ПОСУДА","Чахай «Хаки» 125 мл","products","ч231","Чахай «Хаки»","840 ₽","","","","ч231.jpg"
"ПОСУДА","Чашечки","chashechki","ч190-2","Чашка «Лист Лотоса»","1260 ₽","","","","ч190-2.jpg"
"Китайский чай","Улуны","uluny","у108","Цюэ Шэ","1342 ₽","50"," г."," Такое название он получил благодаря своим скрученным листьям, напоминающим изогнутые воробьиные язычки. Этот чай отличается ярким ароматом летних цветов и насыщенным плотным вкусом, богатым на фруктово-цветочные оттенки. ","у108.jpg"
"ПОСУДА","Чашечки","chashechki","ч226-1","Чашка «Пион»","1200 ₽","","","","ч226-1.jpg"
"ПОСУДА","Чашечки","chashechki","ч94","Чашка «Рис» красная","210 ₽","35"," г.","","ч94.jpg"
"ПОСУДА НОВИНКИ","Гайвань «Хаки» 125 мл","products","ч230","Гайвань «Хаки»","1240 ₽","","","","ч230.jpg"
"Китайский чай","Зеленый чай","zelenyi-chai","з59","Лун Цзин B","352 ₽","50"," г."," – ","з59.jpg"
"Китайский чай","Улуны","uluny","у244","Те гуанинь ГуФа.","1016 ₽","7"," г.","","у244.jpg"
"Китайский чай","Хей Ча","khei-cha","хз11","Хей Ча Нун Сян 2002 г","6360 ₽","1000"," г.","Хей Ча спрессован в  форме кирпича. Прессовка легкая, слои отделяются очень легко. При изготовлении этих «кирпичей» используется особая сложная технология.","хз11.jpg"
"ПОСУДА","Чашечки","chashechki","ч190-5","Чашка «Лист» Нарцисс","1260 ₽","150"," г.","Объем: 110 мл.","ч190-5.jpg"
"Китайский чай","Пуэр","puer","п235","Лао Ман Э Гу Шу","1378 ₽","","","рассыпной пуэр из сырья высокого качества.  Собран и произведен в известной провинции Юньнань.","п235.jpg"
"ПОСУДА","Аксессуары","aksessuary","нечай3","CUPPS пакеты для заваривания","268 ₽","","","Как заварить любимый рассыпной чай на работе, в дороге, везде, где есть кружка и кипяток.","нечай3.jpg"
"ПОСУДА","Чашечки","chashechki","ч227-2","ашка «Иероглиф» №2","1620 ₽","150"," г.","Объем: 75 мл.","ч227-2.jpg"
"Китайский чай","Красный чай","krasnyi-chai","к67","Шай Хун А 2022","429 ₽","50"," г.","Шай Хун 2022 – это название метода приготовления чая. Переводится как «высушенный на солнце».","к67.jpg"
"ПОСУДА","Ча Хай","cha-khai","ч237","Чахай «Золотые Иероглифы»","1280 ₽","","","«Иероглифы» выполнен из ","ч237.jpg"
"Китайский чай","Улуны","uluny","у252","Лао Ча Ван премиум","1180 ₽","50"," г.","","у252.jpg"
"ПОСУДА","Аксессуары","aksessuary","ч222","Нож для пуэра «Сигара»","378 ₽","","","","ч222.jpg"
"ПОСУДА","Чашка «Красная нить»","products","ч88","Чашка «Красная нить»","298 ₽","","","Пиала «Красная нить» для пития чая по методу","ч88.jpg"
"ПОСУДА","Аксессуары","aksessuary","ф36","Фигурка, меняющая цвет «Гранат»","950 ₽","","","Забавная фигурка, изменяющая цвет.","ф36.jpg"
"ПОСУДА","Ча Хай","cha-khai","ч242","Чахай «Ромб» красный квадра","980 ₽","250"," г.","Стекло. Объем: 350 мл.","ч242.jpg"
"Китайский чай","Пуэр","puer","п367","КунТю Дунхай 2017 г.","3364 ₽","357"," г.","чайные листья слегка подвяливают на открытом воздухе, а дальше они стареют естественным путем. Этот способ изготовления пуэра известен с глубокой древности. Технологию производства шу пуэра, когда подвяленные листья поливают водой и укрывают тканью, что способствует прению, придумали только в 1973 году. Со временем шен пуэр не только не портится, а, наоборот, улучшает свой вкус и воздействие на организм.","п367.jpg"
"ПОСУДА","Сито фирменное «Облака»","products","ч208","Сито фирменное «Облака»","945 ₽","","","","ч208.jpg"
"ПОСУДА","Чашка обливная глазурь, 40 мл","products","ч225-1","Чашка обливная глазурь, 40 мл","1400 ₽","","","В Китае принято пить чай из небольших по объему пиал, от 20 до 70 мл. Чай заваривают в чайнчике или гайвани (чаше с крышкой), также небольших, от 100 до 300 мл. Заварки берут много, 1-2 столовые ложки. Чай настаивается от 20 до 60 секунд, его выпивают и снова заливают заварку кипятком. Качественный китайский чай остается крепким и выдерживает до  10 и более проливов. Каждая новая заварка будет немного другой по вкусу, так как чай раскрывается и в нем появляются новые оттенки.","ч225-1.jpg"
"ПОСУДА","Чашечки","chashechki","ч184","Чашка «Чайный лист»","302 ₽","","","","ч184.jpg"
"Китайский чай","Улуны","uluny","у214","Те Гуаньинь Сипин. Весна 2022","231 ₽","50"," г.","Те Гуань Инь — один из самых известных чаев как в Китае, так и за его пределами. Он множество раз получал премии на различных чайных выставках, и его экспорт постоянно растет.","у214.jpg"
"ПОСУДА","Аксессуары","aksessuary","ф32","Мышка с ребенком № 1","882 ₽","200"," г.","","ф32.jpg"
"Китайский чай","Пуэр","puer","п237","Пуэр Сан Ди Хайванг 2019 год","229 ₽","50"," г."," ","п237.jpg"
"Китайский чай","Пуэр","puer","п418","Бин Шань «Ледяная гора», 2018 год","2420 ₽","357"," г.","Шу пуэр – это вид чая, сырье для которого подвергается ускоренной ферментации, благодаря чему шу пуэр обладает необычным запоминающимся вкусом, сильным бодрящим эффектом и множеством полезных свойств.","п418.jpg"
"Китайский чай","Пуэр","puer","п151","Пуэрное сердце","835 ₽","","",", спрессованный в форме двух сердечек, которые складываются в одно. Диаметр одного сердечка равен 3,5 см, вес – 7 грамм.","п151.jpg"
"ПОСУДА","Ча Бань (Чайные доски)","cha-ban-chainye-doski","ч218","Чабань круглая D30 см.","10227 ₽","",""," – это основа чайной церемонии. «Ча» — по-китайски это чай. «Бань» — доска.","ч218.jpg"
"Китайский чай","Улуны","uluny","у89","Те Гуаньинь Сипин. Осень 2022","242 ₽","50"," г.","Те Гуань Инь — один из самых известных чаев как в Китае, так и за его пределами. Он множество раз получал премии на различных чайных выставках, и его экспорт постоянно растет.","у89.jpg"
"ПОСУДА","Чашечки","chashechki","ч239-3","Чашка «Веточка»","1400 ₽","","","","ч239-3.jpg"
"Китайский чай","Пуэр","puer","п428","Лао ча тоу Лао Бань Чжан 2002 год","1950 ₽","50"," г."," приготовленный из сырья 2002 года. Он спрессован в форме комков диаметром 1-5 см, которые образуются по краям куч из листьев пуэра в процессе влажного скирдования. Некоторые листики слеживаются, образуя комки, ферментация в которых идет медленнее – так получаются старые чайные головы","п428.jpg"
"Китайский чай","Улуны","uluny","у92","УЕ Дань Цун. 2022","1199 ₽","50"," г.","Аромат этого чая  очень красивый, яркий, цветочный с пряными и фруктовыми нотками.","у92.jpg"
"Китайский чай","Улуны","uluny","у70","Най Сян Цзинь Сюань (Молочный улун)","495 ₽","50"," г.","Урожай осени 2021 года.","у70.jpg"
"Китайский чай","Улуны","uluny","у16","Габа «Опал»","627 ₽","50"," г.",",  обладающий уникальными целебными свойствами.","у16.jpg"
"Китайский чай","Пуэр","puer","п129","То Ча Феникс Шу, 2016 год 100 г","418 ₽","100"," г.","","п129.jpg"
"ПОСУДА","Дорожный набор","products","н28","Дорожный набор","4962 ₽","","","","н28.jpg"
"ПОСУДА","Гайвани","gaivani","ч241-1","Гайвань стеклянная (orange)","1800 ₽","",""," – это чаша с крышкой и блюдцем-подставкой, которая издавна используется в Китае для заваривания чая.","ч241-1.jpg"
"ПОСУДА","Чашечки","chashechki","ч190-3","Чашка «Лист»","1260 ₽","","","Объемм: 110 мл.","ч190-3.jpg"
"Китайский чай","Зеленый чай","zelenyi-chai","з44","Лун Цзин А, весна 2022","649 ₽","50"," г.","","з44.jpg"
"Китайский чай","Улуны","uluny","у242","Тао Жен Сян Гао Шань","231 ₽","10"," г.","Тао Жень Сян —  средне ферментированный улун с гор Феникса (Фэнхуан Шань) из провинции Гуандун. Его полное название — Тао Жен Сян Гао Шань  Дань Цун («Одиночные кусты с ароматом персика»).","у242.jpg"
"Китайский чай","Зеленый чай","zelenyi-chai","з71","Юннань Е Шен Люй Ча. Весна 2022","275 ₽","50"," г.","дикорастущий зеленый чай родом из провинции Юннаньь. ","з71.jpg"
"ПОСУДА","Сервиз «Золотая нить»","products","ч215","Сервиз «Золотая нить»","10710 ₽","","","В нем есть все для красивого и правильного чаепития.","ч215.jpg"
"Китайский чай","Красный чай","krasnyi-chai","к7","Дянь Хун В.","330 ₽","50"," г.","которые придают вкусу мягкость и сладость. ","к7.jpg"
"Китайский чай","Пуэр","puer","п395","Бинг Ша Шен (Смузи Слива)","968 ₽","50"," г.","При изготовлении ","п395.jpg"
"Китайский чай","Красный чай","krasnyi-chai","к41","Янь Сюнь Сяо Чжун","1100 ₽","50"," г.","","к41.jpg"
"ПОСУДА","Чашка «Веточка», 125 мл","products","ч226-3","Чашка «Веточка»","1200 ₽","","","","ч226-3.jpg"
"ПОСУДА","Типоды","tipody","ч251","Чайник с деревянной ручкой, 450 мл","2756 ₽","300"," г.","","ч251.jpg"
"Китайский чай","Зеленый чай","zelenyi-chai","з73","Фуцзянь Мао Фен 2022","869 ₽","50"," г.","  ","з73.jpg"
"Китайский чай","Пуэр","puer","п306","Да Цзинь Я (Шу почки) B","447 ₽","50"," г.","Шу пуэр – это вид чая, сырье для которого подвергается ","п306.jpg"
"ПОСУДА","Кружка «Бархан» прозрачный, 360 мл","products","ч253","Кружка «Бархан» прозрачный, 360 мл","1800 ₽","","","","ч253.jpg"
"Китайский чай","Зеленый чай","zelenyi-chai","з61","Лун Цзин премиум 2022","1419 ₽","50"," г.","","з61.jpg"
"Китайский чай","Пуэр","puer","п398","Золотые почки из Биндао","1009 ₽","50"," г.","Шу пуэр – это вид чая, сырье для которого подвергается ","п398.jpg"
"Китайский чай","Красный чай","krasnyi-chai","к319","Шар Дянь Хун Фен Цин Сяо Лун, 8 г","600 ₽","80"," г.","Юньнаньский красный чай, подсушенный на открытом огне. ","к319.jpg"
"ПОСУДА","Гайвани","gaivani","ч241-2","Гайвань стеклянная (white)","1800 ₽","",""," – это чаша с крышкой и блюдцем-подставкой, которая издавна используется в Китае для заваривания чая.","ч241-2.jpg"
"ПОСУДА","Аксессуары","aksessuary","ф37","Кролик, изменяющий цвет","748 ₽","","","Веселый заяц, изменяющий цвет.","ф37.jpg"
"Китайский чай","Улуны","uluny","у246","Да Хун Пао Чжон Хуо (Средний огонь)","429 ₽","50"," г.",", входящий в четверку знаменитых утёсных чаев с гор У И вместе с Бай Цзы Гуань (Белый петушиный гребень), Шуй Цзинь Гуй (Золотая водяная черепаха) и Те Лохань (Железный архат).","у246.jpg"
"ПОСУДА","Ча Хай","cha-khai","ч258-1","Чахай с зеленой ручкой и ситом","1300 ₽","","","","ч258-1.jpg"
"ПОСУДА","Чашечки","chashechki","ч239-2","Чашка «Бамбук»","1400 ₽","","","","ч239-2.jpg"
"ПОСУДА","Чашечки","chashechki","ч133-3","Кружка Си Цзиньпин","179 ₽","","","","ч133-3.jpg"
"Китайский чай","Пуэр","puer","п358","Да Шу Сы Мао Шу Ча","771 ₽","50"," г.","– это вид чая, сырье для которого подвергается ","п358.jpg"
"Китайский чай","Пуэр","puer","п427","Лао ча тоу Лао Бань Чжан 2012 год","1525 ₽","50"," г."," приготовленный из сырья 2012 года. Он спрессован в форме комков диаметром 1-5 см, которые образуются по краям куч из листьев пуэра в процессе влажного скирдования. Некоторые листики слеживаются, образуя комки, ферментация в которых идет медленнее – так получаются старые чайные головы","п427.jpg"
"Китайский чай","Пуэр","puer","п380","Лао ча тоу 2006","405 ₽","50"," г.",", приготовленный из сырья 2006 года. Он спрессован в форме комков диаметром 1-5 см, которые образуются по краям куч из листьев пуэра в процессе влажного скирдования. Некоторые листики слеживаются, образуя комки, ферментация в которых идет медленнее – так получаются старые чайные головы","п380.jpg"
"ПОСУДА","Ча Хай","cha-khai","ч58","Чахай Бамбук","789 ₽","","","","ч58.jpg"
"ПОСУДА","Аксессуары","aksessuary","ф35","Крыса с монетками № 1","684 ₽","200"," г.","","ф35.jpg"
"ПОСУДА","Чашка «Иероглиф» №1, 75 мл","products","ч227-1","Чашка «Иероглиф» №1, 75 мл","1620 ₽","150"," г.","Объем: 75 мл.","ч227-1.jpg"
"Чайные наборы","Набор «Знакомство с чаем»","products","н1","Набор «Знакомство с чаем»","1638 ₽","300"," г."," —  это набор из 6 чаев в симпатичной сумочке. В состав входят молочный улун, пуэр классический,зеленый  чай, классический красный чай,  ароматный светлый улун Те Гуанинь и ферментированный улун из У И.","н1.jpg"
"Китайский чай","Пуэр","puer","п145","Юн Чжень Тин Лян Бай Хуа, 2018 год","2195 ₽","200"," г."," В плитке 15 квадратиков, ","п145.jpg"
"Китайский чай","Улуны","uluny","у209","Ми Лань Сян А 2022 год.","957 ₽","50"," г."," (Фэнхуан Шань) из провинции Гуандун. Его полное название - Ми Лань Сянь Дань Цун («Одиночные кусты с медовым ароматом»).","у209.jpg"
"Китайский чай","Улуны","uluny","у64","Лао Ча Ван 2019 года","550 ₽","50"," г.","","у64.jpg"
"Китайский чай","Зеленый чай","zelenyi-chai","з72","Сян Люй Ча, весна 2022","407 ₽","50"," г.","","з72.jpg"
"Китайский чай","Улуны","uluny","у101","У И Жоу Гуй","462 ₽","50"," г."," – утёсный северофуцзяньский улун средней степени ферментации.","у101.jpg"
"Китайский чай","Красный чай","krasnyi-chai","к60","Шай Хун Б","308 ₽","50"," г.","Шай Хун – это название метода приготовления чая. Переводится как «высушенный на солнце».","к60.jpg"
"Китайский чай","Пуэр","puer","п402","Юндэ Гао Шань Цзи Шу","1980 ₽","357"," г."," Этот пуэр отличается","п402.jpg"
"ПОСУДА","Ча Хай","cha-khai","ч243","Чахай «Красный квадрат»","700 ₽","",""," - непременный атрибут чаепития и обойтись без него совершено невозможно. В него сливают чай из чайничка или гайвани, и уже из него разливают по чашечкам.","ч243.jpg"
"ПОСУДА","Чашка «Монах» 40 мл","products","ч235","Чашка «Монах»","260 ₽","","","","ч235.jpg"
"ПОСУДА","Ча Хай","cha-khai","ч234","Чахай «Монах»","900 ₽","","","","ч234.jpg"
"ПОСУДА","Термос с датчиком температуры Blue","products","ч254-3","Термос с датчиком температуры Blue","980 ₽","","","Объем: 500 мл.","ч254-3.jpg"
"ПОСУДА","Чашечки","chashechki","ч190-4","Чашка «Лист» Бамбук","1260 ₽","150"," г.","Объем: 110 мл.","ч190-4.jpg"
"ПОСУДА","Чашечки","chashechki","ч190-7","Чашка «Лист» Хризантема","1260 ₽","150"," г.","Объем: 110 мл.","ч190-7.jpg"
"Китайский чай","Белый чай","whitetea","б17","Юэ Гуан Бай А 2022","408 ₽","50"," г.","Технологию его производства придумал местный чаевод Гу Цзяньтин. Сырье собирают с чайных деревьев сорта Цзингу Да Бай. После сбора чайный лист долго держат на свежем воздухе, что делает вкус чая гораздо более сладким, чем у классического белого чая из Фудина.","б17.jpg"
"ПОСУДА","Чашка «Галактика, 105 мл","products","ч228-7","Чашка «Галактика, 105 мл","800 ₽","150"," г.","Глина, глазурь,  105 мл.","ч228-7.jpg"
"Китайский чай","Красный чай","krasnyi-chai","к18","Сунь Чжень","435 ₽","50"," г."," – редкий юньнаньский чай, обладающий мягким ароматом.","к18.jpg"
"Китайский чай","Пуэр","puer","п278","Юн Чжень Мини Сяо То","38 ₽","7"," г."," –  шу пуэр от фабрики Синь Вэнь под маркой Юн Чжень из сырья 2016 года, спрессованного в виде мини точ.","п278.jpg"
"ПОСУДА","Чашечки","chashechki","ч190-1","Чашка «Лист» Счастливый клевер","1260 ₽","","","Объем: 110 мл.","ч190-1.jpg"
"ПОСУДА","Ча Хай","cha-khai","ч245","Чахай «Ромб» с зеленой ручкой","980 ₽","250"," г.","Стекло. Объем: 370 мл.","ч245.jpg"
"Китайский чай","Красный чай","krasnyi-chai","к5","Дянь Хун А","407 ₽","50"," г."," – ","к5.jpg"
"Китайский чай","Пуэр","puer","п359","Юн Дэ Гу Шу Ча","1378 ₽","","","рассыпной пуэр из сырья высокого качества.  Собран и произведен в известной провинции Юньнань.","п359.jpg"
"ПОДАРКИ НОВЫЙ ГОД 2023!","Подарок «Луноликая Мэйли»","products","чп24","Подарок «Луноликая Мэйли»","1150 ₽","150"," г."," ","чп24.jpg"
"Китайский чай","Пуэр","puer","п424","Тьен Льен «Небесный лотос», 2017 г.","2860 ₽","357"," г.","Тьен Льен «Небесный лотос»,  2017 г.","п424.jpg"
"Китайский чай","Пуэр","puer","п128","То Ча Феникс Шен, 100 г","418 ₽","100"," г."," ","п128.jpg"
"Нечайный ЧАЙ","МАТЧА","matcha","нч4","Питахайя молотая","982 ₽","100"," г."," –  производится из  вкусного тропического фрукта у котторого много имен: плод дракона, фрукт дракона, Dragon Fruit, клубничная груша или Питахайя. Он измельчен до состояния тонкой пудры.","нч4.jpg"
"ПОСУДА","Чашечки","chashechki","ч133-1","Кружка ""Мао"" 2","179 ₽","","","","ч133-1.jpg"
"Китайский чай","Пуэр","puer","п308","Иу Чашань Камфорный 2013","1848 ₽","357"," г.","Иу Чашань Камфорный  - фермерский шу из сырья 2013 года.","п308.jpg"
"Китайский чай","Пуэр","puer","п370","Гушу Цзинь Я 2009 год","5412 ₽","357"," г.","У этого шу пуэра повышенное содержание Ча Ци. Эффект - просто потрясающий. Хороший пуэр для начала дня.","п370.jpg"
"ПОСУДА","Чашечки","chashechki","ч83","Чашечка «Бамбук»","329 ₽","","","","ч83.jpg"
"Отсутствующие","Мусульманский Гриб Мо Гу То Шэн, 2007 год","products","п285","Мусульманский Гриб Мо Гу То Шэн, 2007 год","2420 ₽","250"," г.","","п285.jpg"
"Китайский чай","Пуэр","puer","п105","Ба Да Шань Гун Тин Менхай, 100 г","550 ₽","100"," г.","Сырье для этого пуэра собрано и спрессовано в округе Мэнхай.","п105.jpg"
"Китайский чай","Улуны","uluny","у207","Чжан Пин Шуй Сян Цин Сян","99 ₽","10"," г.","Прессованный уишаньский улун слабой ферментации. Аромат сухого листа яркий, душистый, с цветочно-медовыми, ягодными нотками. Прессовка умеренная, лист легко отделяется вручную.","у207.jpg"
"Китайский чай","Зеленый чай","zelenyi-chai","з74","Хуань Шань Мао Фен 2022","957 ₽","50"," г.","  ","з74.jpg"
"Китайский чай","Дянь Хун В. Урожай 2022","products","к321","Дянь Хун В. Урожай 2022","363 ₽","50"," г.","которые придают вкусу мягкость и сладость. ","к321.jpg"
"Китайский чай","Жасминовый чай","zhasminovyi-chai","з16","Моли Лун Чжу 2022","604 ₽","50"," г.","","з16.jpg"
"Китайский чай","Пуэр","puer","п325","Шар шен Сяо Лун, 8 г","600 ₽","80"," г.","Сырье подобрано специально под партию, этот чай мягко взбодрит и подарит гармонию. Очень удобен в заваривании. Один шарик - одна заварка, ничего не нужно отмерять. ","п325.jpg"
"ПОСУДА","Аксессуары","aksessuary","ф32-1","Мышка с ребенком № 2","882 ₽","200"," г.","","ф32-1.jpg"
"ПОСУДА","Ча Хай","cha-khai","ч183","Чахай «Лотос»","945 ₽","","","","ч183.jpg"
"ПОСУДА","Сито стеклянное","products","ч205","Сито стеклянное","336 ₽","","","","ч205.jpg"
"ПОСУДА","Сито стеклянное с ножками","products","ч206","Сито стеклянное","945 ₽","","","","ч206.jpg"
"Китайский чай","Пуэр","puer","п426","Лао ча тоу Лао Бань Чжан 2010 год","1850 ₽","50"," г.",". Он спрессован в форме комков диаметром 1-5 см, которые образуются по краям куч из листьев пуэра в процессе влажного скирдования. Некоторые листики слеживаются, образуя комки, ферментация в которых идет медленнее – так получаются старые чайные головы","п426.jpg"
"Китайский чай","Улуны","uluny","у217","Да Хун Пао Цин Сян Премиум","759 ₽","50"," г.","","у217.jpg"
"Китайский чай","Улуны","uluny","у132","УИ Хуан Мей Гуй Нун Сян","572 ₽","50"," г.",") – это улун средней степени прожарки категории «чжэнь янь дэ ча» (оригинальный утесный чай), ","у132.jpg"
"Китайский чай","Гунтин Премиум","products","п389","Гунтин Премиум","650 ₽","50"," г.",". ","п389.jpg"
"Китайский чай","Пуэр","puer","п422","Чжен Сян Пин, 2017","2530 ₽","357"," г.","Чжен Сян Пин, 2017 года.","п422.jpg"
"ПОСУДА","Чашка «Иероглиф» №3, 75 мл","products","ч227-3","Чашка «Иероглиф» №3, 75 мл","1620 ₽","150"," г.","Объем: 75 мл.","ч227-3.jpg"
"ПОСУДА","Термос с датчиком температуры Red","products","ч254-1","Термос с датчиком температуры Red","980 ₽","","","Объем: 500 мл.","ч254-1.jpg"
"Китайский чай","Жасминовый чай","zhasminovyi-chai","з17","Моли Хуа Ча, 2021 год","229 ₽","50"," г."," – китайский зеленый жасминовый чай. Моли по-китайски означает «жасмин». В купаже скрученные ворсистые верхние листочки с добавлением цветков жасмина. Как и все зеленые чаи, его собирают раз в год весной.","з17.jpg"
"Китайский чай","Пуэр","puer","п361","Мэнку Чжень Хэ Ду, 2021 г.","1980 ₽","357"," г.","чайные листья слегка подвяливают на открытом воздухе, а дальше они стареют естественным путем. Этот способ изготовления пуэра известен с глубокой древности. Технологию производства шу пуэра, когда подвяленные листья поливают водой и укрывают тканью, что способствует прению, придумали только в 1973 году. Со временем шен пуэр не только не портится, а, наоборот, улучшает свой вкус и воздействие на организм.","п361.jpg"
"Китайский чай","Хей Ча","khei-cha","хз5","Хей Ча Яо Сян Хуан Цин Сян","5060 ₽","1000"," г.","Хей Ча спрессован в  форме кирпича. Прессовка легкая, слои отделяются очень легко. При изготовлении этих «кирпичей» используется особая сложная технология.","хз5.jpg"
"Китайский чай","Красный чай","krasnyi-chai","к33","Цзинь Ло","1109 ₽","50"," г.",". Потом сырье сушат, скручивают в аккуратные спирали и завершают процесс ферментации прожариванием.","к33.jpg"
"ПОСУДА НОВИНКИ","Чашка «Море», 110 мл","products","ч228-6","Чашка «Море», 110 мл","800 ₽","150"," г.","Глина, глазурь,  110 мл.","ч228-6.jpg"
"ПОСУДА","Чашечки","chashechki","ч200","Чашка «Чайная капля» высокая","252 ₽","","","ОБъем: 85 мл.","ч200.jpg"
"ПОСУДА","Типоды","tipody","ч223","Типод 900 мл","2010 ₽","350"," г.","","ч223.jpg"
"ПОСУДА","Чашечки","chashechki","ч189-1","Чашка «Кратер» коралл","900 ₽","","","","ч189-1.jpg"
"ПОСУДА","Гайвани","gaivani","ч236","Гайвань «Золотой иероглиф»","1500 ₽","","","","ч236.jpg"
"Китайский чай","Улуны","uluny","у212","Ба Сянь Премиум 2022 г","1441 ₽","50"," г."," — это сильно ферментированный","у212.jpg"
"Китайский чай","Пуэр","puer","п284","Мусульманский шу «Гриб» Мо Гу То Шу 1999 год","4180 ₽","250"," г.","","п284.jpg"
"ПОСУДА","Чашечки","chashechki","ч225","Чашка обливная глазурь, 40 мл","1400 ₽","","","В Китае принято пить чай из небольших по объему пиал, от 20 до 70 мл. Чай заваривают в чайнчике или гайвани (чаше с крышкой), также небольших, от 100 до 300 мл. Заварки берут много, 1-2 столовые ложки. Чай настаивается от 20 до 60 секунд, его выпивают и снова заливают заварку кипятком. Качественный китайский чай остается крепким и выдерживает до  10 и более проливов. Каждая новая заварка будет немного другой по вкусу, так как чай раскрывается и в нем появляются новые оттенки.","ч225.jpg"
"ПОСУДА","Сито с деревянной ручкой","products","ч207","Сито с деревянной ручкой","966 ₽","","","","ч207.jpg"
"Ароматизированные чаи","Сливочный улун","products","а2","Сливочный улун","215 ₽","50"," г.","(светлый) улун с ярким сладким сливочно-молочным ароматом. Этот чай изготовлен из сырья Те Гуань Инь. Сливочный улун очень популярен, это ароматизированный чай, его качество определяется за счет сырья и ароматизатора высокого качества.","а2.jpg"
"Китайский чай","Пуэр","puer","п429","Бан Чжан шоу Кан, 2007 год","2420 ₽","357"," г."," шу пуэр, средней прессовки.","п429.jpg"
"Нечайный ЧАЙ","МАТЧА","matcha","нч1"," Анчан, Чангшу (Пурпурный чай)","485 ₽","50"," г.","Анчан (пурпурный чай) изготавливают из лепестков Клитории тройчатой или Анчана (Чанг Шу). Их собирают, высушивают и перемалывают в порошок.                                                                                    ","нч1.jpg"
"ПОСУДА НОВИНКИ","Термос с датчиком температуры Black","products","ч254-2","Термос с датчиком температуры Black","980 ₽","","","Объем: 500 мл.","ч254-2.jpg"
"Китайский чай","Пуэр","puer","п409","И Пин Тан Тин Сян","2420 ₽","357"," г.","Шу пуэр – это вид чая, сырье для которого проходит процесс ускоренной ферментации, благодаря этому шу пуэр обладает необычным запоминающимся древесным вкусом, сильным эффектом бодрости и множеством полезных свойств.","п409.jpg"
"ПОСУДА","Ча Хай","cha-khai","ч182","Чахай «Чайный лист»","945 ₽","","","","ч182.jpg"
"Китайский чай","Улуны","uluny","у250","Жень Шень Премиум","440 ₽","50"," г.","Жень Шень Премиум —  средне ферментированный тайваньский улун с добавлением корней женьшеня, солодки и других трав. ","у250.jpg"
"ПОСУДА","Чашка «Хай-тек» 40 мл.","products","ч229","Чашка «Хай-тек» 40 мл.","800 ₽","","","Объем: 40 мл.","ч229.jpg"
"ПОСУДА","Ча Хай","cha-khai","ч198","Чахай «Грани»","1260 ₽","",""," - непременный атрибут чаепития и обойтись без него совершено невозможно. В него сливают чай из чайничка или гайвани, и уже из него разливают по чашечкам.","ч198.jpg"
"ПОСУДА","Чашка «Хаки» 55 мл","products","ч232","Чашка «Хаки»","300 ₽","","","","ч232.jpg"
"Китайский чай","Красный чай","krasnyi-chai","к45","Хей Цзинь B Чёрное золото Урожай 2022","385 ₽","50"," г."," – ","к45.jpg"
"Китайский чай","Белый чай","whitetea","б15","Чунь Бай Хао. Весна 2022","737 ₽","50"," г."," нежный, сладкий, тонкий","б15.jpg"
"ПОСУДА","Сервиз «Ветви магнолии»","products","ч214","Сервиз «Ветви магнолии»","10500 ₽","","","В нем есть все для красивого и правильного чаепития.","ч214.jpg"
"ПОДАРКИ","Подарок «Вальс-бостон»","products","чп42","Подарок «Вальс-бостон»","1200 ₽","150"," г.","Состав подарка:","чп42.jpg"
"ПОСУДА","Чашечки","chashechki","ч133","Кружка ""Мао""","179 ₽","","","","ч133.jpg"
"Китайский чай","Улуны","uluny","у223","Те Гуаньинь Сян Хуа. Осень 2022","319 ₽","50"," г.","Те Гуань Инь — один из самых известных чаев как в Китае, так и за его пределами. Он множество раз получал премии на различных чайных выставках, и его экспорт постоянно растет.","у223.jpg"
"Китайский чай","Белый чай","whitetea","б323","Шар Бай Сяо Лун 8 г","600 ₽","80"," г.","","б323.jpg"
"Китайский чай","Улуны","uluny","у44","Да Хун Пао Цин Сян А. (Чжон Хун Пэй)","385 ₽","50"," г.","","у44.jpg"
